Workbook

Sheet Calculator
A1: Ledger - Cloud Spanner Cost Calculator
A2: Estimate monthly Spanner cost for the etcd-API shim. Blue cells = inputs. Rates are editable on 'Rates & Notes'.
B3: Your scenario
A4: WORKLOAD INPUTS
A5: Live object count | B5: 2000000 | C5: objects
A6: Avg object size (KB) | B6: 4 | C6: incl. labels/annotations/managedFields
A7: Sustained write QPS | B7: 2000 | C7: creates+updates+deletes, steady
A8: Peak write QPS | B8: 8000 | C8: sizing headroom
A9: Read QPS hitting Spanner | B9: 500 | C9: after apiserver cache offload
A10: Compaction interval (min) | B10: 5 | C10: MVCC retention window
A11: Number of shards (databases) | B11: 1 | C11: per-resource sharding via etcd-servers-overrides
A12: Config | B12: Regional | C12: dropdown
A13: Edition | B13: Standard | C13: dropdown
A14: Committed use | B14: None | C14: dropdown
A15: Backups retained (copies) | B15: 1
A16: Change streams enabled | B16: No | C16: for the change-streams watch path
A18: DERIVED CAPACITY & STORAGE
A19: Replicas (per config) | B19: =VLOOKUP(B12,'Rates & Notes'!$A$15:$D$17,2,FALSE()) -> 3
A20: Edition rate ($/100PU/hr/replica) | B20: =VLOOKUP(B13,'Rates & Notes'!$A$21:$B$23,2,FALSE()) -> 0.03
A21: Committed-use discount | B21: =VLOOKUP(B14,'Rates & Notes'!$A$27:$B$29,2,FALSE()) -> 0
A22: Storage rate ($/GiB-mo) | B22: =VLOOKUP(B12,'Rates & Notes'!$A$15:$D$17,3,FALSE()) -> 0.1
A23: Backup rate ($/GiB-mo) | B23: =VLOOKUP(B12,'Rates & Notes'!$A$15:$D$17,4,FALSE()) -> 0.1
A24: Live storage (GiB) | B24: =B5*B6/1048576 -> 7.6293945
A25: MVCC version overhead (GiB) | B25: =B7*B10*60*B6/1048576 -> 2.2888184
A26: Index storage (GiB) | B26: =(B24+B25)*'Rates & Notes'!$B$9 -> 1.4877319
A27: Change-stream storage (GiB) | B27: =IF(B16="Yes",B7*'Rates & Notes'!$B$10*3600*B6/1048576,0) -> 0
A28: Total storage (GiB) | B28: =SUM(B24:B27) -> 11.405945
A29: PUs needed - from QPS | B29: =MAX(B8/'Rates & Notes'!$B$6*1000,B9/'Rates & Notes'!$B$7*1000) -> 4000
A30: PUs needed - shard floor | B30: =B11*'Rates & Notes'!$B$5 -> 100
A31: PUs needed - storage ratio | B31: =B28/('Rates & Notes'!$B$8*1024)*1000 -> 1.1138618
A32: Provisioned PUs | B32: =CEILING(MAX(B29,B30,B31),100) -> 4000
A34: ESTIMATED MONTHLY COST
A35: Compute ($/mo) | B35: =B32/100*B20*B19*'Rates & Notes'!$B$4*(1-B21) -> 2628
A36: Storage ($/mo) | B36: =B28*B22 -> 1.1405945
A37: Network/replication ($/mo) | B37: =IF(B12="Regional",0,B7*B6/1048576*'Rates & Notes'!$B$4*3600*'Rates & Notes'!$B$11) -> 0
A38: Backup ($/mo) | B38: =B24*B15*B23 -> 0.76293945
A39: TOTAL ($/mo) | B39: =SUM(B35:B38) -> 2629.9035 | C39: <- headline number
A40: TOTAL ($/yr) | B40: =B39*12 -> 31558.842
A42: Cost per 1M live objects ($/mo) | B42: =IF(B5>0,B39/B5*1000000,0) -> 1314.9518 | C42: intuition metric

Sheet Scenarios
A1: Ledger - Cloud Spanner Cost Calculator
A2: Estimate monthly Spanner cost for the etcd-API shim. Blue cells = inputs. Rates are editable on 'Rates & Notes'.
B3: Dev / Regional | C3: Prod / Regional | D3: Prod / Multi-region | E3: Agentic / Scale
A4: WORKLOAD INPUTS
A5: Live object count | B5: 50000 | C5: 2000000 | D5: 5000000 | E5: 100000000
A6: Avg object size (KB) | B6: 3 | C6: 4 | D6: 4 | E6: 3
A7: Sustained write QPS | B7: 200 | C7: 2000 | D7: 3000 | E7: 5000
A8: Peak write QPS | B8: 800 | C8: 8000 | D8: 12000 | E8: 20000
A9: Read QPS hitting Spanner | B9: 50 | C9: 500 | D9: 800 | E9: 2000
A10: Compaction interval (min) | B10: 5 | C10: 5 | D10: 5 | E10: 10
A11: Number of shards (databases) | B11: 1 | C11: 2 | D11: 3 | E11: 5
A12: Config | B12: Regional | C12: Regional | D12: Multi-region | E12: Multi-region
A13: Edition | B13: Standard | C13: Enterprise | D13: Enterprise Plus | E13: Enterprise Plus
A14: Committed use | B14: None | C14: 1-year | D14: 1-year | E14: 3-year
A15: Backups retained (copies) | B15: 1 | C15: 1 | D15: 2 | E15: 1
A16: Change streams enabled | B16: No | C16: No | D16: Yes | E16: Yes
A18: DERIVED CAPACITY & STORAGE
A19: Replicas (per config) | B19: =VLOOKUP(B12,'Rates & Notes'!$A$15:$D$17,2,FALSE()) -> 3 | C19: =VLOOKUP(C12,'Rates & Notes'!$A$15:$D$17,2,FALSE()) -> 3 | D19: =VLOOKUP(D12,'Rates & Notes'!$A$15:$D$17,2,FALSE()) -> 5 | E19: =VLOOKUP(E12,'Rates & Notes'!$A$15:$D$17,2,FALSE()) -> 5
A20: Edition rate ($/100PU/hr/replica) | B20: =VLOOKUP(B13,'Rates & Notes'!$A$21:$B$23,2,FALSE()) -> 0.03 | C20: =VLOOKUP(C13,'Rates & Notes'!$A$21:$B$23,2,FALSE()) -> 0.041 | D20: =VLOOKUP(D13,'Rates & Notes'!$A$21:$B$23,2,FALSE()) -> 0.057 | E20: =VLOOKUP(E13,'Rates & Notes'!$A$21:$B$23,2,FALSE()) -> 0.057
A21: Committed-use discount | B21: =VLOOKUP(B14,'Rates & Notes'!$A$27:$B$29,2,FALSE()) -> 0 | C21: =VLOOKUP(C14,'Rates & Notes'!$A$27:$B$29,2,FALSE()) -> 0.2 | D21: =VLOOKUP(D14,'Rates & Notes'!$A$27:$B$29,2,FALSE()) -> 0.2 | E21: =VLOOKUP(E14,'Rates & Notes'!$A$27:$B$29,2,FALSE()) -> 0.4
A22: Storage rate ($/GiB-mo) | B22: =VLOOKUP(B12,'Rates & Notes'!$A$15:$D$17,3,FALSE()) -> 0.1 | C22: =VLOOKUP(C12,'Rates & Notes'!$A$15:$D$17,3,FALSE()) -> 0.1 | D22: =VLOOKUP(D12,'Rates & Notes'!$A$15:$D$17,3,FALSE()) -> 0.5 | E22: =VLOOKUP(E12,'Rates & Notes'!$A$15:$D$17,3,FALSE()) -> 0.5
A23: Backup rate ($/GiB-mo) | B23: =VLOOKUP(B12,'Rates & Notes'!$A$15:$D$17,4,FALSE()) -> 0.1 | C23: =VLOOKUP(C12,'Rates & Notes'!$A$15:$D$17,4,FALSE()) -> 0.1 | D23: =VLOOKUP(D12,'Rates & Notes'!$A$15:$D$17,4,FALSE()) -> 0.41 | E23: =VLOOKUP(E12,'Rates & Notes'!$A$15:$D$17,4,FALSE()) -> 0.41
A24: Live storage (GiB) | B24: =B5*B6/1048576 -> 0.14305115 | C24: =C5*C6/1048576 -> 7.6293945 | D24: =D5*D6/1048576 -> 19.073486 | E24: =E5*E6/1048576 -> 286.10229
A25: MVCC version overhead (GiB) | B25: =B7*B10*60*B6/1048576 -> 0.17166138 | C25: =C7*C10*60*C6/1048576 -> 2.2888184 | D25: =D7*D10*60*D6/1048576 -> 3.4332275 | E25: =E7*E10*60*E6/1048576 -> 8.5830688
A26: Index storage (GiB) | B26: =(B24+B25)*'Rates & Notes'!$B$9 -> 0.047206879 | C26: =(C24+C25)*'Rates & Notes'!$B$9 -> 1.4877319 | D26: =(D24+D25)*'Rates & Notes'!$B$9 -> 3.3760071 | E26: =(E24+E25)*'Rates & Notes'!$B$9 -> 44.202805
A27: Change-stream storage (GiB) | B27: =IF(B16="Yes",B7*'Rates & Notes'!$B$10*3600*B6/1048576,0) -> 0 | C27: =IF(C16="Yes",C7*'Rates & Notes'!$B$10*3600*C6/1048576,0) -> 0 | D27: =IF(D16="Yes",D7*'Rates & Notes'!$B$10*3600*D6/1048576,0) -> 988.76953 | E27: =IF(E16="Yes",E7*'Rates & Notes'!$B$10*3600*E6/1048576,0) -> 1235.9619
A28: Total storage (GiB) | B28: =SUM(B24:B27) -> 0.3619194 | C28: =SUM(C24:C27) -> 11.405945 | D28: =SUM(D24:D27) -> 1014.6523 | E28: =SUM(E24:E27) -> 1574.8501
A29: PUs needed - from QPS | B29: =MAX(B8/'Rates & Notes'!$B$6*1000,B9/'Rates & Notes'!$B$7*1000) -> 400 | C29: =MAX(C8/'Rates & Notes'!$B$6*1000,C9/'Rates & Notes'!$B$7*1000) -> 4000 | D29: =MAX(D8/'Rates & Notes'!$B$6*1000,D9/'Rates & Notes'!$B$7*1000) -> 6000 | E29: =MAX(E8/'Rates & Notes'!$B$6*1000,E9/'Rates & Notes'!$B$7*1000) -> 10000
A30: PUs needed - shard floor | B30: =B11*'Rates & Notes'!$B$5 -> 100 | C30: =C11*'Rates & Notes'!$B$5 -> 200 | D30: =D11*'Rates & Notes'!$B$5 -> 300 | E30: =E11*'Rates & Notes'!$B$5 -> 500
A31: PUs needed - storage ratio | B31: =B28/('Rates & Notes'!$B$8*1024)*1000 -> 0.035343692 | C31: =C28/('Rates & Notes'!$B$8*1024)*1000 -> 1.1138618 | D31: =D28/('Rates & Notes'!$B$8*1024)*1000 -> 99.087134 | E31: =E28/('Rates & Notes'!$B$8*1024)*1000 -> 153.79395
A32: Provisioned PUs | B32: =CEILING(MAX(B29,B30,B31),100) -> 400 | C32: =CEILING(MAX(C29,C30,C31),100) -> 4000 | D32: =CEILING(MAX(D29,D30,D31),100) -> 6000 | E32: =CEILING(MAX(E29,E30,E31),100) -> 10000
A34: ESTIMATED MONTHLY COST
A35: Compute ($/mo) | B35: =B32/100*B20*B19*'Rates & Notes'!$B$4*(1-B21) -> 262.8 | C35: =C32/100*C20*C19*'Rates & Notes'!$B$4*(1-C21) -> 2873.28 | D35: =D32/100*D20*D19*'Rates & Notes'!$B$4*(1-D21) -> 9986.4 | E35: =E32/100*E20*E19*'Rates & Notes'!$B$4*(1-E21) -> 12483
A36: Storage ($/mo) | B36: =B28*B22 -> 0.03619194 | C36: =C28*C22 -> 1.1405945 | D36: =D28*D22 -> 507.32613 | E36: =E28*E22 -> 787.42504
A37: Network/replication ($/mo) | B37: =IF(B12="Regional",0,B7*B6/1048576*'Rates & Notes'!$B$4*3600*'Rates & Notes'!$B$11) -> 0 | C37: =IF(C12="Regional",0,C7*C6/1048576*'Rates & Notes'!$B$4*3600*'Rates & Notes'!$B$11) -> 0 | D37: =IF(D12="Regional",0,D7*D6/1048576*'Rates & Notes'!$B$4*3600*'Rates & Notes'!$B$11) -> 3609.0088 | E37: =IF(E12="Regional",0,E7*E6/1048576*'Rates & Notes'!$B$4*3600*'Rates & Notes'!$B$11) -> 4511.261
A38: Backup ($/mo) | B38: =B24*B15*B23 -> 0.014305115 | C38: =C24*C15*C23 -> 0.76293945 | D38: =D24*D15*D23 -> 15.640259 | E38: =E24*E15*E23 -> 117.30194
A39: TOTAL ($/mo) | B39: =SUM(B35:B38) -> 262.8505 | C39: =SUM(C35:C38) -> 2875.1835 | D39: =SUM(D35:D38) -> 14118.375 | E39: =SUM(E35:E38) -> 17898.988
A40: TOTAL ($/yr) | B40: =B39*12 -> 3154.206 | C40: =C39*12 -> 34502.202 | D40: =D39*12 -> 169420.5 | E40: =E39*12 -> 214787.86
A42: Cost per 1M live objects ($/mo) | B42: =IF(B5>0,B39/B5*1000000,0) -> 5257.0099 | C42: =IF(C5>0,C39/C5*1000000,0) -> 1437.5918 | D42: =IF(D5>0,D39/D5*1000000,0) -> 2823.675 | E42: =IF(E5>0,E39/E5*1000000,0) -> 178.98988

Sheet Rates & Notes
A1: Rates & Assumptions
A2: Edit to match the official Spanner pricing page for your region/date. Yellow = verify/benchmark.
A4: Hours per month | B4: 730
A5: Min processing units per instance | B5: 100
A6: Sustained writes/sec per 1000 PU (BENCHMARK) | B6: 2000
A7: Reads/sec per 1000 PU (BENCHMARK) | B7: 10000
A8: Storage per node (TB) [1 node = 1000 PU] | B8: 10
A9: Index storage factor (of value storage) | B9: 0.15
A10: Change-stream retention (hours) | B10: 24
A11: Cross-region network rate ($/GiB) | B11: 0.12
A13: Config table
A14: Config | B14: Replicas | C14: Storage $/GiB-mo | D14: Backup $/GiB-mo
A15: Regional | B15: 3 | C15: 0.1 | D15: 0.1
A16: Dual-region | B16: 4 | C16: 0.3 | D16: 0.3
A17: Multi-region | B17: 5 | C17: 0.5 | D17: 0.41
A19: Edition table
A20: Edition | B20: $/100PU/hr/replica
A21: Standard | B21: 0.03
A22: Enterprise | B22: 0.041
A23: Enterprise Plus | B23: 0.057
A25: Committed use
A26: Term | B26: Discount
A27: None | B27: 0
A28: 1-year | B28: 0.2
A29: 3-year | B29: 0.4
A32: METHODOLOGY
A33: - Compute = ProvisionedPU/100 x EditionRate x Replicas x Hours x (1 - CUD). Spanner bills compute per replica;
A34: Regional ~3 replicas, Multi-region ~5. Provisioned PU = max(QPS need, shard floor, storage ratio), rounded to 100.
A35: - Storage = (live + MVCC overhead + index + change-stream) GiB x storage rate. MVCC overhead = the dead versions
A36: that accumulate between compactions = write QPS x compaction window x object size (our append-only design).
A37: - Object size is where labels/annotations/managedFields land: we store the full serialized object as the value.
A38: - Network applies only to multi/dual-region (cross-region write replication).
A40: CAVEATS
A41: - Rates are approximate placeholders - VERIFY on https://cloud.google.com/spanner/pricing for your region/date.
A42: - writes/sec and reads/sec per 1000 PU are the biggest unknowns: BENCHMARK them with test/integration/cmd/loadgen
A43: pointed at a real Spanner-backed shim, then replace B6/B7.
A44: - Multi-region resilience (survive a zone/region loss) requires Enterprise Plus + more replicas - reflected here.
A45: - This is a planning estimate, not a quote. Validate with the official pricing calculator.
